{
    "num": [
        2,
        3,
        5,
        6,
        8,
        9,
        11,
        12,
        14,
        2,
        3,
        5,
        6,
        8,
        9,
        11,
        12,
        14
    ],
    "case": [
        1,
        1,
        1,
        1,
        1,
        1,
        1,
        1,
        1,
        2,
        2,
        2,
        2,
        2,
        2,
        2,
        2,
        2
    ],
    "nb_epoch": 1000,
    "save_rate": 10,
    "with_pinns": true,
    "dynamic_weights": false,
    "lr_weights": 0.1,
    "weight_data": 0.45,
    "weight_pde": 0.1,
    "weight_border": 0.45,
    "batch_size": 10000,
    "nb_points_pde": 200000,
    "Re": 100,
    "lr_init": 0.0003,
    "gamma_scheduler": 0.999,
    "nb_neurons": 64,
    "n_pde_test": 500,
    "n_data_test": 5000,
    "nb_points": 144,
    "x_min": -0.06,
    "x_max": 0.06,
    "y_min": -0.06,
    "y_max": 0.06,
    "t_min": 6.5,
    "nb_period": 20,
    "force_inertie_bool": false,
    "u_border": true,
    "v_border": false,
    "p_border": true,
    "r_min": 0.013,
    "theta_border_min": 0.1,
    "is_res": true,
    "nb_blocks": 5,
    "nb_layer_block": 3,
    "H": [
        261.39,
        261.39,
        261.39,
        261.39,
        261.39,
        261.39,
        261.39,
        261.39,
        261.39,
        230.67,
        230.67,
        230.67,
        230.67,
        230.67,
        230.67,
        230.67,
        230.67,
        230.67
    ],
    "ya0": [
        0.001875,
        0.0025,
        0.00375,
        0.004375,
        0.005625,
        0.00625,
        0.0075,
        0.008125,
        0.009375,
        0.001875,
        0.0025,
        0.00375,
        0.004375,
        0.005625,
        0.00625,
        0.0075,
        0.008125,
        0.009375
    ],
    "file": [
        "model_2_case_1.csv",
        "model_3_case_1.csv",
        "model_5_case_1.csv",
        "model_6_case_1.csv",
        "model_8_case_1.csv",
        "model_9_case_1.csv",
        "model_11_case_1.csv",
        "model_12_case_1.csv",
        "model_14_case_1.csv",
        "model_2_case_2.csv",
        "model_3_case_2.csv",
        "model_5_case_2.csv",
        "model_6_case_2.csv",
        "model_8_case_2.csv",
        "model_9_case_2.csv",
        "model_11_case_2.csv",
        "model_12_case_2.csv",
        "model_14_case_2.csv"
    ],
    "m": 1.57
}