{
    "u_mean": 0.8229579925537109,
    "v_mean": 0.0011280819308012724,
    "p_mean": -0.06671932339668274,
    "x_mean": -2.7521260562934913e-05,
    "y_mean": 0.0,
    "t_mean": 263.1877746582031,
    "x_std": 1.1097064018249512,
    "y_std": 1.109645128250122,
    "t_std": 1.8609366416931152,
    "u_std": 0.3965810239315033,
    "v_std": 0.29374173283576965,
    "p_std": 0.2571152150630951,
    "ya0_mean": 0.21944443881511688,
    "ya0_std": 0.097023606300354,
    "w0_mean": 0.9827026724815369,
    "w0_std": 0.030705662444233894
}