,total,data,border
0,0.2602061612887664,0.20678150790321218,0.34034312322168975
1,0.037291208934691455,0.042985118701830284,0.028750340880320833
2,0.020343166310806293,0.02390656610941505,0.01499806501127936
