{
    "u_mean": 0.8371051549911499,
    "v_mean": 0.00037353450898081064,
    "p_mean": -0.05090268328785896,
    "x_mean": 0.10670682042837143,
    "y_mean": -6.210738034972962e-10,
    "t_mean": 276.35980224609375,
    "x_std": 1.5918679237365723,
    "y_std": 1.5211882591247559,
    "t_std": 9.631586074829102,
    "u_std": 0.37918421626091003,
    "v_std": 0.18844836950302124,
    "p_std": 0.2004670947790146,
    "ya0_mean": 0.05000000447034836,
    "ya0_std": 1.0,
    "w0_mean": 0.951996922492981,
    "w0_std": 1.0
}