{
    "u_mean": 0.8229579925537109,
    "v_mean": 0.001128082163631916,
    "p_mean": -0.06671932339668274,
    "x_mean": -2.7521024094312452e-05,
    "y_mean": 3.4055838704638575e-10,
    "t_mean": 263.187744140625,
    "x_std": 1.1097064018249512,
    "y_std": 1.109645128250122,
    "t_std": 1.8609366416931152,
    "u_std": 0.3965810239315033,
    "v_std": 0.29374173283576965,
    "p_std": 0.2571152150630951,
    "std0": 7.955287456512451,
    "std1": 8.232220649719238,
    "std2": 8.476238250732422,
    "std3": 8.686214447021484,
    "std4": 8.861332893371582,
    "std5": 9.00088882446289,
    "std6": 9.10432243347168,
    "std7": 9.171180725097656,
    "std8": 9.201197624206543,
    "std9": 9.194293022155762,
    "std10": 9.150487899780273,
    "std11": 9.069905281066895,
    "std12": 8.952903747558594,
    "std13": 8.79996109008789,
    "std14": 8.6117525100708,
    "std15": 8.388938903808594,
    "std16": 8.132477760314941,
    "std17": 7.84338903427124,
    "std18": 7.522972583770752,
    "std19": 7.172489643096924,
    "std20": 6.793239593505859,
    "std21": 6.386888027191162,
    "std22": 5.955079078674316,
    "std23": 5.499838352203369,
    "std24": 5.022808074951172,
    "std25": 4.526185512542725,
    "std26": 4.012148857116699,
    "std27": 3.483400821685791,
    "std28": 2.942554235458374,
    "std29": 2.3928864002227783,
    "std30": 1.8397022485733032,
    "std31": 1.2931694984436035,
    "std32": 0.7852561473846436,
    "std33": 0.4838033616542816,
    "std34": 0.7287725210189819,
    "std35": 1.2259539365768433,
    "std36": 1.7701430320739746,
    "std37": 2.3230233192443848,
    "std38": 2.8734703063964844,
    "std39": 3.415757894515991,
    "std40": 3.9463906288146973,
    "std41": 4.462258338928223,
    "std42": 4.9612507820129395,
    "std43": 5.440861225128174,
    "std44": 5.899056434631348,
    "std45": 6.333785057067871,
    "std46": 6.743385314941406,
    "std47": 7.126135349273682,
    "std48": 7.48040771484375,
    "std49": 7.804745197296143,
    "std50": 8.097801208496094,
    "std51": 8.358420372009277,
    "std52": 8.58554744720459,
    "std53": 8.778189659118652,
    "std54": 8.9356050491333,
    "std55": 9.057138442993164,
    "std56": 9.142324447631836,
    "std57": 9.190796852111816,
    "std58": 9.20236873626709,
    "std59": 9.177000999450684,
    "std60": 9.114761352539062,
    "std61": 9.015920639038086,
    "std62": 8.88087272644043,
    "std63": 8.710232734680176,
    "std64": 8.50466251373291,
    "std65": 8.264907836914062,
    "std66": 7.991987705230713,
    "std67": 7.687060356140137,
    "std68": 7.351457118988037,
    "std69": 6.986353874206543,
    "std70": 6.593311309814453,
    "std71": 6.174033164978027,
    "std72": 5.730358600616455,
    "std73": 5.264042377471924,
    "std74": 4.776900768280029,
    "std75": 4.271254062652588,
    "std76": 3.7494964599609375,
    "std77": 3.2143185138702393,
    "std78": 2.668458938598633,
    "std79": 2.1162829399108887,
    "std80": 1.5645766258239746,
    "std81": 1.0302003622055054,
    "std82": 0.5835715532302856,
    "std83": 0.5455005168914795,
    "std84": 0.9659837484359741,
    "std85": 1.4956555366516113,
    "std86": 2.046463966369629,
    "std87": 2.5990610122680664,
    "std88": 3.145923614501953,
    "std89": 3.682744026184082,
    "std90": 4.206284999847412,
    "std91": 4.713921546936035,
    "std92": 5.203470706939697,
    "std93": 5.672632217407227,
    "std94": 6.119439601898193,
    "std95": 6.541801452636719,
    "std96": 6.938205242156982,
    "std97": 7.306906223297119,
    "std98": 7.64647102355957,
    "std99": 7.955268383026123,
    "mean0": 1.0119565725326538,
    "mean1": 0.9672290086746216,
    "mean2": 0.9186329245567322,
    "mean3": 0.8663551211357117,
    "mean4": 0.810577929019928,
    "mean5": 0.7515063881874084,
    "mean6": 0.6894250512123108,
    "mean7": 0.6245812773704529,
    "mean8": 0.5572075247764587,
    "mean9": 0.4876106083393097,
    "mean10": 0.4160551130771637,
    "mean11": 0.3427968919277191,
    "mean12": 0.268156498670578,
    "mean13": 0.1924278438091278,
    "mean14": 0.11598964780569077,
    "mean15": 0.03901229053735733,
    "mean16": -0.03813014551997185,
    "mean17": -0.11509871482849121,
    "mean18": -0.19151175022125244,
    "mean19": -0.2671779990196228,
    "mean20": -0.34185951948165894,
    "mean21": -0.41517379879951477,
    "mean22": -0.4867860972881317,
    "mean23": -0.5563511252403259,
    "mean24": -0.62380450963974,
    "mean25": -0.6887449622154236,
    "mean26": -0.7508658766746521,
    "mean27": -0.8098852634429932,
    "mean28": -0.8656383156776428,
    "mean29": -0.9179863929748535,
    "mean30": -0.9666370153427124,
    "mean31": -1.0114524364471436,
    "mean32": -1.0520579814910889,
    "mean33": -1.0885649919509888,
    "mean34": -1.1206285953521729,
    "mean35": -1.1482385396957397,
    "mean36": -1.171093463897705,
    "mean37": -1.1892343759536743,
    "mean38": -1.202656865119934,
    "mean39": -1.2112951278686523,
    "mean40": -1.2149932384490967,
    "mean41": -1.2137409448623657,
    "mean42": -1.2076607942581177,
    "mean43": -1.1967750787734985,
    "mean44": -1.1810534000396729,
    "mean45": -1.1604883670806885,
    "mean46": -1.13521146774292,
    "mean47": -1.1054915189743042,
    "mean48": -1.0713250637054443,
    "mean49": -1.0328258275985718,
    "mean50": -0.9900727868080139,
    "mean51": -0.9434333443641663,
    "mean52": -0.8929469585418701,
    "mean53": -0.8388956189155579,
    "mean54": -0.7814162969589233,
    "mean55": -0.7208274006843567,
    "mean56": -0.6573465466499329,
    "mean57": -0.591205894947052,
    "mean58": -0.5226742625236511,
    "mean59": -0.4520666003227234,
    "mean60": -0.3796117901802063,
    "mean61": -0.30562248826026917,
    "mean62": -0.2303946167230606,
    "mean63": -0.15430137515068054,
    "mean64": -0.07759016752243042,
    "mean65": -0.0004961355007253587,
    "mean66": 0.07658068090677261,
    "mean67": 0.15338017046451569,
    "mean68": 0.22946912050247192,
    "mean69": 0.3047294020652771,
    "mean70": 0.3787400722503662,
    "mean71": 0.451254665851593,
    "mean72": 0.521843671798706,
    "mean73": 0.5903287529945374,
    "mean74": 0.6565119028091431,
    "mean75": 0.7200486063957214,
    "mean76": 0.7807374596595764,
    "mean77": 0.8381512761116028,
    "mean78": 0.8922692537307739,
    "mean79": 0.9428504705429077,
    "mean80": 0.9896361231803894,
    "mean81": 1.0322999954223633,
    "mean82": 1.0707485675811768,
    "mean83": 1.1050820350646973,
    "mean84": 1.1349656581878662,
    "mean85": 1.1602784395217896,
    "mean86": 1.1806668043136597,
    "mean87": 1.1965508460998535,
    "mean88": 1.2076160907745361,
    "mean89": 1.2138127088546753,
    "mean90": 1.2149500846862793,
    "mean91": 1.2112606763839722,
    "mean92": 1.2027997970581055,
    "mean93": 1.1894930601119995,
    "mean94": 1.171337366104126,
    "mean95": 1.1484328508377075,
    "mean96": 1.1209832429885864,
    "mean97": 1.0890171527862549,
    "mean98": 1.0525789260864258,
    "mean99": 1.0119255781173706
}