{
    "u_mean": 0.7925259470939636,
    "v_mean": 1.6614747437415645e-05,
    "p_mean": -0.07169286161661148,
    "x_mean": -2.7522586606210098e-05,
    "y_mean": 2.1833059804521326e-09,
    "t_mean": 263.31097412109375,
    "x_std": 1.109707236289978,
    "y_std": 1.1096458435058594,
    "t_std": 1.9118938446044922,
    "u_std": 0.414284348487854,
    "v_std": 0.20013800263404846,
    "p_std": 0.22259269654750824,
    "ya0_mean": 0.05000000447034836,
    "ya0_std": 1.0,
    "w0_mean": 0.9519968032836914,
    "w0_std": 1.0
}