{
    "u_mean": 0.7729517817497253,
    "v_mean": -0.00019609990704338998,
    "p_mean": -0.06876210123300552,
    "x_mean": -2.6747646188596264e-05,
    "y_mean": 1.3929762898712283e-09,
    "t_mean": 170.49063110351562,
    "x_std": 1.095578670501709,
    "y_std": 1.0955183506011963,
    "t_std": 98.62010192871094,
    "u_std": 0.4247039556503296,
    "v_std": 0.19841530919075012,
    "p_std": 0.2244255542755127
}