,total,data,border
0,0.2602061612887664,0.20678150790321218,0.34034312322168975
1,0.037291208934691455,0.042985118701830284,0.028750340880320833
2,0.020343166310806293,0.02390656610941505,0.01499806501127936
3,0.016029138408892148,0.01904920321535897,0.011499039852083684
4,0.014268408052145957,0.01690572576767003,0.010312430306083269
5,0.012611631607940724,0.014805195802772368,0.00932128416342629
