{
    "u_mean": 0.7926247715950012,
    "v_mean": 2.543162008805666e-05,
    "p_mean": -0.07184223085641861,
    "x_mean": -2.7520101866684854e-05,
    "y_mean": -6.668468000015082e-10,
    "t_mean": 263.3493957519531,
    "x_std": 1.1097079515457153,
    "y_std": 1.1096466779708862,
    "t_std": 1.9253745079040527,
    "u_std": 0.4142417013645172,
    "v_std": 0.20020456612110138,
    "p_std": 0.22263900935649872,
    "ya0_mean": 0.05000000819563866,
    "ya0_std": 1.0,
    "w0_mean": 0.9519971013069153,
    "w0_std": 1.0
}